,condition,measurement,labelka,labelen
0,1-V1,q2_10,"საქართველოში დამოუკიდებლობის მიღების შემდეგ მომხდარი ომები გვაჩვენებს, რომ ქვეყანა და მოსახლეობა ეთნიკური უმცირესობების მიმართ უფრო ტოლერანტული უნდა იყოს",The wars that Georgia has been involved in since independence show that the country and population needs to be more tolerant of ethnic minorities
1,1-V2,q2_2,"მე ვამაყობ, რომ საქართველოს მოქალაქე ვარ",I am proud to be a Georgian citizen
2,1-V3,q2_3,საქართველოს მოქალაქეები მართლმადიდებელი ქრისტიანები უნდა იყვნენ,Georgian citizens should be Orthodox Christians
3,1-V4,q2_6,"იყო ქართველი, ნიშნავს იყო ევროპელი",To be Georgian means to be European
4,1-V5,q2_4,მხოლოდ ეთნიკურად ქართველებს უნდა შეეძლოთ იყვნენ საქართველოს მოქალაქეები,Only ethnic Georgians should be allowed to be Georgian citizens
5,1-V6,q2_7,არჩევნებში მივცემდი ხმას ჩემგან განსხვავებული რელიგიის ადამიანს,I would vote for someone who is a different religion than me
6,1-V7,q2_5,"თუ ეთნიკური უმცირესობის წარმომადგენელს სურს საჯარო სამსახურში მუშაობა, მან ქართული უნდა იცოდეს","If an ethnic minority wants to work in the civil service, they should know Georgian"
7,1-V8,q2_8,არჩევნებში ხმას მივცემდი ჩემგან განსხვავებული ეთნიკური წარმომავლობის მქონე ადამიანს,I would vote for someone who is a different ethnicity than me
8,1-V9,q2_11,"საქართველოში დამოუკიდებლობის მიღების შემდეგ მომხდარი სეპარატისტული ომები გვაჩვენებს, რომ  ეთნიკური და ენობრივი უმცირესობების წარმომადგენლები ქვეყნის უსაფრთხოებისთვის პოტენციურ საფრთხეს წარმოადგენენ ",The separatist wars that Georgia has been involved in since independence show that the ethnic and linguistic minorities are a potential security threat for Georgia
9,1-V10,q2_1,საქართველოს მოქალაქეები ქართულად უნდა საუბრობდნენ,Georgian citizens should speak Georgian
10,1-V11,q2_9,"არჩევნებში ხმას მივცემდი იმას, ვინც სხვა ენაზე საუბრობს",I would vote for someone who speaks a different
11,2-V1,q2_7,არჩევნებში მივცემდი ხმას ჩემგან განსხვავებული რელიგიის ადამიანს,I would vote for someone who is a different religion than me
12,2-V2,q2_1,საქართველოს მოქალაქეები ქართულად უნდა საუბრობდნენ,Georgian citizens should speak Georgian
13,2-V3,q2_10,"საქართველოში დამოუკიდებლობის მიღების შემდეგ მომხდარი ომები გვაჩვენებს, რომ ქვეყანა და მოსახლეობა ეთნიკური უმცირესობების მიმართ უფრო ტოლერანტული უნდა იყოს",The wars that Georgia has been involved in since independence show that the country and population needs to be more tolerant of ethnic minorities
14,2-V4,q2_3,საქართველოს მოქალაქეები მართლმადიდებელი ქრისტიანები უნდა იყვნენ,Georgian citizens should be Orthodox Christians
15,2-V5,q2_8,არჩევნებში ხმას მივცემდი ჩემგან განსხვავებული ეთნიკური წარმომავლობის მქონე ადამიანს,I would vote for someone who is a different ethnicity than me
16,2-V6,q2_4,მხოლოდ ეთნიკურად ქართველებს უნდა შეეძლოთ იყვნენ საქართველოს მოქალაქეები,Only ethnic Georgians should be allowed to be Georgian citizens
17,2-V7,q2_9,"არჩევნებში ხმას მივცემდი იმას, ვინც სხვა ენაზე საუბრობს",I would vote for someone who speaks a different
18,2-V8,q2_5,"თუ ეთნიკური უმცირესობის წარმომადგენელს სურს საჯარო სამსახურში მუშაობა, მან ქართული უნდა იცოდეს","If an ethnic minority wants to work in the civil service, they should know Georgian"
19,2-V9,q2_6,"იყო ქართველი, ნიშნავს იყო ევროპელი",To be Georgian means to be European
20,2-V10,q2_2,"მე ვამაყობ, რომ საქართველოს მოქალაქე ვარ",I am proud to be a Georgian citizen
21,2-V11,q2_11,"საქართველოში დამოუკიდებლობის მიღების შემდეგ მომხდარი სეპარატისტული ომები გვაჩვენებს, რომ  ეთნიკური და ენობრივი უმცირესობების წარმომადგენლები ქვეყნის უსაფრთხოებისთვის პოტენციურ საფრთხეს წარმოადგენენ ",The separatist wars that Georgia has been involved in since independence show that the ethnic and linguistic minorities are a potential security threat for Georgia
22,3-V1,q2_4,მხოლოდ ეთნიკურად ქართველებს უნდა შეეძლოთ იყვნენ საქართველოს მოქალაქეები,Only ethnic Georgians should be allowed to be Georgian citizens
23,3-V2,q2_7,არჩევნებში მივცემდი ხმას ჩემგან განსხვავებული რელიგიის ადამიანს,I would vote for someone who is a different religion than me
24,3-V3,q2_6,"იყო ქართველი, ნიშნავს იყო ევროპელი",To be Georgian means to be European
25,3-V4,q2_5,"თუ ეთნიკური უმცირესობის წარმომადგენელს სურს საჯარო სამსახურში მუშაობა, მან ქართული უნდა იცოდეს","If an ethnic minority wants to work in the civil service, they should know Georgian"
26,3-V5,q2_9,"არჩევნებში ხმას მივცემდი იმას, ვინც სხვა ენაზე საუბრობს",I would vote for someone who speaks a different
27,3-V6,q2_8,არჩევნებში ხმას მივცემდი ჩემგან განსხვავებული ეთნიკური წარმომავლობის მქონე ადამიანს,I would vote for someone who is a different ethnicity than me
28,3-V7,q2_1,საქართველოს მოქალაქეები ქართულად უნდა საუბრობდნენ,Georgian citizens should speak Georgian
29,3-V8,q2_10,"საქართველოში დამოუკიდებლობის მიღების შემდეგ მომხდარი ომები გვაჩვენებს, რომ ქვეყანა და მოსახლეობა ეთნიკური უმცირესობების მიმართ უფრო ტოლერანტული უნდა იყოს",The wars that Georgia has been involved in since independence show that the country and population needs to be more tolerant of ethnic minorities
30,3-V9,q2_11,"საქართველოში დამოუკიდებლობის მიღების შემდეგ მომხდარი სეპარატისტული ომები გვაჩვენებს, რომ  ეთნიკური და ენობრივი უმცირესობების წარმომადგენლები ქვეყნის უსაფრთხოებისთვის პოტენციურ საფრთხეს წარმოადგენენ ",The separatist wars that Georgia has been involved in since independence show that the ethnic and linguistic minorities are a potential security threat for Georgia
31,3-V10,q2_2,"მე ვამაყობ, რომ საქართველოს მოქალაქე ვარ",I am proud to be a Georgian citizen
32,3-V11,q2_3,საქართველოს მოქალაქეები მართლმადიდებელი ქრისტიანები უნდა იყვნენ,Georgian citizens should be Orthodox Christians
33,4-V1,q2_3,საქართველოს მოქალაქეები მართლმადიდებელი ქრისტიანები უნდა იყვნენ,Georgian citizens should be Orthodox Christians
34,4-V2,q2_5,"თუ ეთნიკური უმცირესობის წარმომადგენელს სურს საჯარო სამსახურში მუშაობა, მან ქართული უნდა იცოდეს","If an ethnic minority wants to work in the civil service, they should know Georgian"
35,4-V3,q2_1,საქართველოს მოქალაქეები ქართულად უნდა საუბრობდნენ,Georgian citizens should speak Georgian
36,4-V4,q2_6,"იყო ქართველი, ნიშნავს იყო ევროპელი",To be Georgian means to be European
37,4-V5,q2_2,"მე ვამაყობ, რომ საქართველოს მოქალაქე ვარ",I am proud to be a Georgian citizen
38,4-V6,q2_11,"საქართველოში დამოუკიდებლობის მიღების შემდეგ მომხდარი სეპარატისტული ომები გვაჩვენებს, რომ  ეთნიკური და ენობრივი უმცირესობების წარმომადგენლები ქვეყნის უსაფრთხოებისთვის პოტენციურ საფრთხეს წარმოადგენენ ",The separatist wars that Georgia has been involved in since independence show that the ethnic and linguistic minorities are a potential security threat for Georgia
39,4-V7,q2_8,არჩევნებში ხმას მივცემდი ჩემგან განსხვავებული ეთნიკური წარმომავლობის მქონე ადამიანს,I would vote for someone who is a different ethnicity than me
40,4-V8,q2_9,"არჩევნებში ხმას მივცემდი იმას, ვინც სხვა ენაზე საუბრობს",I would vote for someone who speaks a different
41,4-V9,q2_7,არჩევნებში მივცემდი ხმას ჩემგან განსხვავებული რელიგიის ადამიანს,I would vote for someone who is a different religion than me
42,4-V10,q2_10,"საქართველოში დამოუკიდებლობის მიღების შემდეგ მომხდარი ომები გვაჩვენებს, რომ ქვეყანა და მოსახლეობა ეთნიკური უმცირესობების მიმართ უფრო ტოლერანტული უნდა იყოს",The wars that Georgia has been involved in since independence show that the country and population needs to be more tolerant of ethnic minorities
43,4-V11,q2_4,მხოლოდ ეთნიკურად ქართველებს უნდა შეეძლოთ იყვნენ საქართველოს მოქალაქეები,Only ethnic Georgians should be allowed to be Georgian citizens
44,5-V1,q2_11,"საქართველოში დამოუკიდებლობის მიღების შემდეგ მომხდარი სეპარატისტული ომები გვაჩვენებს, რომ  ეთნიკური და ენობრივი უმცირესობების წარმომადგენლები ქვეყნის უსაფრთხოებისთვის პოტენციურ საფრთხეს წარმოადგენენ ",The separatist wars that Georgia has been involved in since independence show that the ethnic and linguistic minorities are a potential security threat for Georgia
45,5-V2,q2_2,"მე ვამაყობ, რომ საქართველოს მოქალაქე ვარ",I am proud to be a Georgian citizen
46,5-V3,q2_1,საქართველოს მოქალაქეები ქართულად უნდა საუბრობდნენ,Georgian citizens should speak Georgian
47,5-V4,q2_3,საქართველოს მოქალაქეები მართლმადიდებელი ქრისტიანები უნდა იყვნენ,Georgian citizens should be Orthodox Christians
48,5-V5,q2_9,"არჩევნებში ხმას მივცემდი იმას, ვინც სხვა ენაზე საუბრობს",I would vote for someone who speaks a different
49,5-V6,q2_6,"იყო ქართველი, ნიშნავს იყო ევროპელი",To be Georgian means to be European
50,5-V7,q2_7,არჩევნებში მივცემდი ხმას ჩემგან განსხვავებული რელიგიის ადამიანს,I would vote for someone who is a different religion than me
51,5-V8,q2_10,"საქართველოში დამოუკიდებლობის მიღების შემდეგ მომხდარი ომები გვაჩვენებს, რომ ქვეყანა და მოსახლეობა ეთნიკური უმცირესობების მიმართ უფრო ტოლერანტული უნდა იყოს",The wars that Georgia has been involved in since independence show that the country and population needs to be more tolerant of ethnic minorities
52,5-V9,q2_5,"თუ ეთნიკური უმცირესობის წარმომადგენელს სურს საჯარო სამსახურში მუშაობა, მან ქართული უნდა იცოდეს","If an ethnic minority wants to work in the civil service, they should know Georgian"
53,5-V10,q2_4,მხოლოდ ეთნიკურად ქართველებს უნდა შეეძლოთ იყვნენ საქართველოს მოქალაქეები,Only ethnic Georgians should be allowed to be Georgian citizens
54,5-V11,q2_8,არჩევნებში ხმას მივცემდი ჩემგან განსხვავებული ეთნიკური წარმომავლობის მქონე ადამიანს,I would vote for someone who is a different ethnicity than me
55,6-V1,q2_5,"თუ ეთნიკური უმცირესობის წარმომადგენელს სურს საჯარო სამსახურში მუშაობა, მან ქართული უნდა იცოდეს","If an ethnic minority wants to work in the civil service, they should know Georgian"
56,6-V2,q2_3,საქართველოს მოქალაქეები მართლმადიდებელი ქრისტიანები უნდა იყვნენ,Georgian citizens should be Orthodox Christians
57,6-V3,q2_6,"იყო ქართველი, ნიშნავს იყო ევროპელი",To be Georgian means to be European
58,6-V4,q2_9,"არჩევნებში ხმას მივცემდი იმას, ვინც სხვა ენაზე საუბრობს",I would vote for someone who speaks a different
59,6-V5,q2_11,"საქართველოში დამოუკიდებლობის მიღების შემდეგ მომხდარი სეპარატისტული ომები გვაჩვენებს, რომ  ეთნიკური და ენობრივი უმცირესობების წარმომადგენლები ქვეყნის უსაფრთხოებისთვის პოტენციურ საფრთხეს წარმოადგენენ ",The separatist wars that Georgia has been involved in since independence show that the ethnic and linguistic minorities are a potential security threat for Georgia
60,6-V6,q2_10,"საქართველოში დამოუკიდებლობის მიღების შემდეგ მომხდარი ომები გვაჩვენებს, რომ ქვეყანა და მოსახლეობა ეთნიკური უმცირესობების მიმართ უფრო ტოლერანტული უნდა იყოს",The wars that Georgia has been involved in since independence show that the country and population needs to be more tolerant of ethnic minorities
61,6-V7,q2_4,მხოლოდ ეთნიკურად ქართველებს უნდა შეეძლოთ იყვნენ საქართველოს მოქალაქეები,Only ethnic Georgians should be allowed to be Georgian citizens
62,6-V8,q2_2,"მე ვამაყობ, რომ საქართველოს მოქალაქე ვარ",I am proud to be a Georgian citizen
63,6-V9,q2_1,საქართველოს მოქალაქეები ქართულად უნდა საუბრობდნენ,Georgian citizens should speak Georgian
64,6-V10,q2_8,არჩევნებში ხმას მივცემდი ჩემგან განსხვავებული ეთნიკური წარმომავლობის მქონე ადამიანს,I would vote for someone who is a different ethnicity than me
65,6-V11,q2_7,არჩევნებში მივცემდი ხმას ჩემგან განსხვავებული რელიგიის ადამიანს,I would vote for someone who is a different religion than me
66,7-V1,q2_4,მხოლოდ ეთნიკურად ქართველებს უნდა შეეძლოთ იყვნენ საქართველოს მოქალაქეები,Only ethnic Georgians should be allowed to be Georgian citizens
67,7-V2,q2_2,"მე ვამაყობ, რომ საქართველოს მოქალაქე ვარ",I am proud to be a Georgian citizen
68,7-V3,q2_6,"იყო ქართველი, ნიშნავს იყო ევროპელი",To be Georgian means to be European
69,7-V4,q2_3,საქართველოს მოქალაქეები მართლმადიდებელი ქრისტიანები უნდა იყვნენ,Georgian citizens should be Orthodox Christians
70,7-V5,q2_1,საქართველოს მოქალაქეები ქართულად უნდა საუბრობდნენ,Georgian citizens should speak Georgian
71,7-V6,q2_9,"არჩევნებში ხმას მივცემდი იმას, ვინც სხვა ენაზე საუბრობს",I would vote for someone who speaks a different
72,7-V7,q2_11,"საქართველოში დამოუკიდებლობის მიღების შემდეგ მომხდარი სეპარატისტული ომები გვაჩვენებს, რომ  ეთნიკური და ენობრივი უმცირესობების წარმომადგენლები ქვეყნის უსაფრთხოებისთვის პოტენციურ საფრთხეს წარმოადგენენ ",The separatist wars that Georgia has been involved in since independence show that the ethnic and linguistic minorities are a potential security threat for Georgia
73,7-V8,q2_7,არჩევნებში მივცემდი ხმას ჩემგან განსხვავებული რელიგიის ადამიანს,I would vote for someone who is a different religion than me
74,7-V9,q2_5,"თუ ეთნიკური უმცირესობის წარმომადგენელს სურს საჯარო სამსახურში მუშაობა, მან ქართული უნდა იცოდეს","If an ethnic minority wants to work in the civil service, they should know Georgian"
75,7-V10,q2_8,არჩევნებში ხმას მივცემდი ჩემგან განსხვავებული ეთნიკური წარმომავლობის მქონე ადამიანს,I would vote for someone who is a different ethnicity than me
76,7-V11,q2_10,"საქართველოში დამოუკიდებლობის მიღების შემდეგ მომხდარი ომები გვაჩვენებს, რომ ქვეყანა და მოსახლეობა ეთნიკური უმცირესობების მიმართ უფრო ტოლერანტული უნდა იყოს",The wars that Georgia has been involved in since independence show that the country and population needs to be more tolerant of ethnic minorities
77,8-V1,q2_5,"თუ ეთნიკური უმცირესობის წარმომადგენელს სურს საჯარო სამსახურში მუშაობა, მან ქართული უნდა იცოდეს","If an ethnic minority wants to work in the civil service, they should know Georgian"
78,8-V2,q2_10,"საქართველოში დამოუკიდებლობის მიღების შემდეგ მომხდარი ომები გვაჩვენებს, რომ ქვეყანა და მოსახლეობა ეთნიკური უმცირესობების მიმართ უფრო ტოლერანტული უნდა იყოს",The wars that Georgia has been involved in since independence show that the country and population needs to be more tolerant of ethnic minorities
79,8-V3,q2_3,საქართველოს მოქალაქეები მართლმადიდებელი ქრისტიანები უნდა იყვნენ,Georgian citizens should be Orthodox Christians
80,8-V4,q2_2,"მე ვამაყობ, რომ საქართველოს მოქალაქე ვარ",I am proud to be a Georgian citizen
81,8-V5,q2_11,"საქართველოში დამოუკიდებლობის მიღების შემდეგ მომხდარი სეპარატისტული ომები გვაჩვენებს, რომ  ეთნიკური და ენობრივი უმცირესობების წარმომადგენლები ქვეყნის უსაფრთხოებისთვის პოტენციურ საფრთხეს წარმოადგენენ ",The separatist wars that Georgia has been involved in since independence show that the ethnic and linguistic minorities are a potential security threat for Georgia
82,8-V6,q2_4,მხოლოდ ეთნიკურად ქართველებს უნდა შეეძლოთ იყვნენ საქართველოს მოქალაქეები,Only ethnic Georgians should be allowed to be Georgian citizens
83,8-V7,q2_9,"არჩევნებში ხმას მივცემდი იმას, ვინც სხვა ენაზე საუბრობს",I would vote for someone who speaks a different
84,8-V8,q2_7,არჩევნებში მივცემდი ხმას ჩემგან განსხვავებული რელიგიის ადამიანს,I would vote for someone who is a different religion than me
85,8-V9,q2_1,საქართველოს მოქალაქეები ქართულად უნდა საუბრობდნენ,Georgian citizens should speak Georgian
86,8-V10,q2_6,"იყო ქართველი, ნიშნავს იყო ევროპელი",To be Georgian means to be European
87,8-V11,q2_8,არჩევნებში ხმას მივცემდი ჩემგან განსხვავებული ეთნიკური წარმომავლობის მქონე ადამიანს,I would vote for someone who is a different ethnicity than me
88,9-V1,q2_9,"არჩევნებში ხმას მივცემდი იმას, ვინც სხვა ენაზე საუბრობს",I would vote for someone who speaks a different
89,9-V2,q2_8,არჩევნებში ხმას მივცემდი ჩემგან განსხვავებული ეთნიკური წარმომავლობის მქონე ადამიანს,I would vote for someone who is a different ethnicity than me
90,9-V3,q2_2,"მე ვამაყობ, რომ საქართველოს მოქალაქე ვარ",I am proud to be a Georgian citizen
91,9-V4,q2_1,საქართველოს მოქალაქეები ქართულად უნდა საუბრობდნენ,Georgian citizens should speak Georgian
92,9-V5,q2_3,საქართველოს მოქალაქეები მართლმადიდებელი ქრისტიანები უნდა იყვნენ,Georgian citizens should be Orthodox Christians
93,9-V6,q2_11,"საქართველოში დამოუკიდებლობის მიღების შემდეგ მომხდარი სეპარატისტული ომები გვაჩვენებს, რომ  ეთნიკური და ენობრივი უმცირესობების წარმომადგენლები ქვეყნის უსაფრთხოებისთვის პოტენციურ საფრთხეს წარმოადგენენ ",The separatist wars that Georgia has been involved in since independence show that the ethnic and linguistic minorities are a potential security threat for Georgia
94,9-V7,q2_6,"იყო ქართველი, ნიშნავს იყო ევროპელი",To be Georgian means to be European
95,9-V8,q2_4,მხოლოდ ეთნიკურად ქართველებს უნდა შეეძლოთ იყვნენ საქართველოს მოქალაქეები,Only ethnic Georgians should be allowed to be Georgian citizens
96,9-V9,q2_7,არჩევნებში მივცემდი ხმას ჩემგან განსხვავებული რელიგიის ადამიანს,I would vote for someone who is a different religion than me
97,9-V10,q2_5,"თუ ეთნიკური უმცირესობის წარმომადგენელს სურს საჯარო სამსახურში მუშაობა, მან ქართული უნდა იცოდეს","If an ethnic minority wants to work in the civil service, they should know Georgian"
98,9-V11,q2_10,"საქართველოში დამოუკიდებლობის მიღების შემდეგ მომხდარი ომები გვაჩვენებს, რომ ქვეყანა და მოსახლეობა ეთნიკური უმცირესობების მიმართ უფრო ტოლერანტული უნდა იყოს",The wars that Georgia has been involved in since independence show that the country and population needs to be more tolerant of ethnic minorities
99,10-V1,q2_4,მხოლოდ ეთნიკურად ქართველებს უნდა შეეძლოთ იყვნენ საქართველოს მოქალაქეები,Only ethnic Georgians should be allowed to be Georgian citizens
100,10-V2,q2_3,საქართველოს მოქალაქეები მართლმადიდებელი ქრისტიანები უნდა იყვნენ,Georgian citizens should be Orthodox Christians
101,10-V3,q2_5,"თუ ეთნიკური უმცირესობის წარმომადგენელს სურს საჯარო სამსახურში მუშაობა, მან ქართული უნდა იცოდეს","If an ethnic minority wants to work in the civil service, they should know Georgian"
102,10-V4,q2_2,"მე ვამაყობ, რომ საქართველოს მოქალაქე ვარ",I am proud to be a Georgian citizen
103,10-V5,q2_7,არჩევნებში მივცემდი ხმას ჩემგან განსხვავებული რელიგიის ადამიანს,I would vote for someone who is a different religion than me
104,10-V6,q2_9,"არჩევნებში ხმას მივცემდი იმას, ვინც სხვა ენაზე საუბრობს",I would vote for someone who speaks a different
105,10-V7,q2_1,საქართველოს მოქალაქეები ქართულად უნდა საუბრობდნენ,Georgian citizens should speak Georgian
106,10-V8,q2_8,არჩევნებში ხმას მივცემდი ჩემგან განსხვავებული ეთნიკური წარმომავლობის მქონე ადამიანს,I would vote for someone who is a different ethnicity than me
107,10-V9,q2_11,"საქართველოში დამოუკიდებლობის მიღების შემდეგ მომხდარი სეპარატისტული ომები გვაჩვენებს, რომ  ეთნიკური და ენობრივი უმცირესობების წარმომადგენლები ქვეყნის უსაფრთხოებისთვის პოტენციურ საფრთხეს წარმოადგენენ ",The separatist wars that Georgia has been involved in since independence show that the ethnic and linguistic minorities are a potential security threat for Georgia
108,10-V10,q2_10,"საქართველოში დამოუკიდებლობის მიღების შემდეგ მომხდარი ომები გვაჩვენებს, რომ ქვეყანა და მოსახლეობა ეთნიკური უმცირესობების მიმართ უფრო ტოლერანტული უნდა იყოს",The wars that Georgia has been involved in since independence show that the country and population needs to be more tolerant of ethnic minorities
109,10-V11,q2_6,"იყო ქართველი, ნიშნავს იყო ევროპელი",To be Georgian means to be European
110,11-V1,q2_2,"მე ვამაყობ, რომ საქართველოს მოქალაქე ვარ",I am proud to be a Georgian citizen
111,11-V2,q2_10,"საქართველოში დამოუკიდებლობის მიღების შემდეგ მომხდარი ომები გვაჩვენებს, რომ ქვეყანა და მოსახლეობა ეთნიკური უმცირესობების მიმართ უფრო ტოლერანტული უნდა იყოს",The wars that Georgia has been involved in since independence show that the country and population needs to be more tolerant of ethnic minorities
112,11-V3,q2_4,მხოლოდ ეთნიკურად ქართველებს უნდა შეეძლოთ იყვნენ საქართველოს მოქალაქეები,Only ethnic Georgians should be allowed to be Georgian citizens
113,11-V4,q2_1,საქართველოს მოქალაქეები ქართულად უნდა საუბრობდნენ,Georgian citizens should speak Georgian
114,11-V5,q2_6,"იყო ქართველი, ნიშნავს იყო ევროპელი",To be Georgian means to be European
115,11-V6,q2_5,"თუ ეთნიკური უმცირესობის წარმომადგენელს სურს საჯარო სამსახურში მუშაობა, მან ქართული უნდა იცოდეს","If an ethnic minority wants to work in the civil service, they should know Georgian"
116,11-V7,q2_3,საქართველოს მოქალაქეები მართლმადიდებელი ქრისტიანები უნდა იყვნენ,Georgian citizens should be Orthodox Christians
117,11-V8,q2_7,არჩევნებში მივცემდი ხმას ჩემგან განსხვავებული რელიგიის ადამიანს,I would vote for someone who is a different religion than me
118,11-V9,q2_8,არჩევნებში ხმას მივცემდი ჩემგან განსხვავებული ეთნიკური წარმომავლობის მქონე ადამიანს,I would vote for someone who is a different ethnicity than me
119,11-V10,q2_9,"არჩევნებში ხმას მივცემდი იმას, ვინც სხვა ენაზე საუბრობს",I would vote for someone who speaks a different
120,11-V11,q2_11,"საქართველოში დამოუკიდებლობის მიღების შემდეგ მომხდარი სეპარატისტული ომები გვაჩვენებს, რომ  ეთნიკური და ენობრივი უმცირესობების წარმომადგენლები ქვეყნის უსაფრთხოებისთვის პოტენციურ საფრთხეს წარმოადგენენ ",The separatist wars that Georgia has been involved in since independence show that the ethnic and linguistic minorities are a potential security threat for Georgia
121,12-V1,q2_4,მხოლოდ ეთნიკურად ქართველებს უნდა შეეძლოთ იყვნენ საქართველოს მოქალაქეები,Only ethnic Georgians should be allowed to be Georgian citizens
122,12-V2,q2_9,"არჩევნებში ხმას მივცემდი იმას, ვინც სხვა ენაზე საუბრობს",I would vote for someone who speaks a different
123,12-V3,q2_8,არჩევნებში ხმას მივცემდი ჩემგან განსხვავებული ეთნიკური წარმომავლობის მქონე ადამიანს,I would vote for someone who is a different ethnicity than me
124,12-V4,q2_3,საქართველოს მოქალაქეები მართლმადიდებელი ქრისტიანები უნდა იყვნენ,Georgian citizens should be Orthodox Christians
125,12-V5,q2_1,საქართველოს მოქალაქეები ქართულად უნდა საუბრობდნენ,Georgian citizens should speak Georgian
126,12-V6,q2_11,"საქართველოში დამოუკიდებლობის მიღების შემდეგ მომხდარი სეპარატისტული ომები გვაჩვენებს, რომ  ეთნიკური და ენობრივი უმცირესობების წარმომადგენლები ქვეყნის უსაფრთხოებისთვის პოტენციურ საფრთხეს წარმოადგენენ ",The separatist wars that Georgia has been involved in since independence show that the ethnic and linguistic minorities are a potential security threat for Georgia
127,12-V7,q2_5,"თუ ეთნიკური უმცირესობის წარმომადგენელს სურს საჯარო სამსახურში მუშაობა, მან ქართული უნდა იცოდეს","If an ethnic minority wants to work in the civil service, they should know Georgian"
128,12-V8,q2_2,"მე ვამაყობ, რომ საქართველოს მოქალაქე ვარ",I am proud to be a Georgian citizen
129,12-V9,q2_6,"იყო ქართველი, ნიშნავს იყო ევროპელი",To be Georgian means to be European
130,12-V10,q2_10,"საქართველოში დამოუკიდებლობის მიღების შემდეგ მომხდარი ომები გვაჩვენებს, რომ ქვეყანა და მოსახლეობა ეთნიკური უმცირესობების მიმართ უფრო ტოლერანტული უნდა იყოს",The wars that Georgia has been involved in since independence show that the country and population needs to be more tolerant of ethnic minorities
131,12-V11,q2_7,არჩევნებში მივცემდი ხმას ჩემგან განსხვავებული რელიგიის ადამიანს,I would vote for someone who is a different religion than me
132,13-V1,q2_1,საქართველოს მოქალაქეები ქართულად უნდა საუბრობდნენ,Georgian citizens should speak Georgian
133,13-V2,q2_11,"საქართველოში დამოუკიდებლობის მიღების შემდეგ მომხდარი სეპარატისტული ომები გვაჩვენებს, რომ  ეთნიკური და ენობრივი უმცირესობების წარმომადგენლები ქვეყნის უსაფრთხოებისთვის პოტენციურ საფრთხეს წარმოადგენენ ",The separatist wars that Georgia has been involved in since independence show that the ethnic and linguistic minorities are a potential security threat for Georgia
134,13-V3,q2_7,არჩევნებში მივცემდი ხმას ჩემგან განსხვავებული რელიგიის ადამიანს,I would vote for someone who is a different religion than me
135,13-V4,q2_3,საქართველოს მოქალაქეები მართლმადიდებელი ქრისტიანები უნდა იყვნენ,Georgian citizens should be Orthodox Christians
136,13-V5,q2_9,"არჩევნებში ხმას მივცემდი იმას, ვინც სხვა ენაზე საუბრობს",I would vote for someone who speaks a different
137,13-V6,q2_10,"საქართველოში დამოუკიდებლობის მიღების შემდეგ მომხდარი ომები გვაჩვენებს, რომ ქვეყანა და მოსახლეობა ეთნიკური უმცირესობების მიმართ უფრო ტოლერანტული უნდა იყოს",The wars that Georgia has been involved in since independence show that the country and population needs to be more tolerant of ethnic minorities
138,13-V7,q2_5,"თუ ეთნიკური უმცირესობის წარმომადგენელს სურს საჯარო სამსახურში მუშაობა, მან ქართული უნდა იცოდეს","If an ethnic minority wants to work in the civil service, they should know Georgian"
139,13-V8,q2_2,"მე ვამაყობ, რომ საქართველოს მოქალაქე ვარ",I am proud to be a Georgian citizen
140,13-V9,q2_6,"იყო ქართველი, ნიშნავს იყო ევროპელი",To be Georgian means to be European
141,13-V10,q2_8,არჩევნებში ხმას მივცემდი ჩემგან განსხვავებული ეთნიკური წარმომავლობის მქონე ადამიანს,I would vote for someone who is a different ethnicity than me
142,13-V11,q2_4,მხოლოდ ეთნიკურად ქართველებს უნდა შეეძლოთ იყვნენ საქართველოს მოქალაქეები,Only ethnic Georgians should be allowed to be Georgian citizens
143,14-V1,q2_4,მხოლოდ ეთნიკურად ქართველებს უნდა შეეძლოთ იყვნენ საქართველოს მოქალაქეები,Only ethnic Georgians should be allowed to be Georgian citizens
144,14-V2,q2_2,"მე ვამაყობ, რომ საქართველოს მოქალაქე ვარ",I am proud to be a Georgian citizen
145,14-V3,q2_8,არჩევნებში ხმას მივცემდი ჩემგან განსხვავებული ეთნიკური წარმომავლობის მქონე ადამიანს,I would vote for someone who is a different ethnicity than me
146,14-V4,q2_5,"თუ ეთნიკური უმცირესობის წარმომადგენელს სურს საჯარო სამსახურში მუშაობა, მან ქართული უნდა იცოდეს","If an ethnic minority wants to work in the civil service, they should know Georgian"
147,14-V5,q2_7,არჩევნებში მივცემდი ხმას ჩემგან განსხვავებული რელიგიის ადამიანს,I would vote for someone who is a different religion than me
148,14-V6,q2_11,"საქართველოში დამოუკიდებლობის მიღების შემდეგ მომხდარი სეპარატისტული ომები გვაჩვენებს, რომ  ეთნიკური და ენობრივი უმცირესობების წარმომადგენლები ქვეყნის უსაფრთხოებისთვის პოტენციურ საფრთხეს წარმოადგენენ ",The separatist wars that Georgia has been involved in since independence show that the ethnic and linguistic minorities are a potential security threat for Georgia
149,14-V7,q2_1,საქართველოს მოქალაქეები ქართულად უნდა საუბრობდნენ,Georgian citizens should speak Georgian
150,14-V8,q2_3,საქართველოს მოქალაქეები მართლმადიდებელი ქრისტიანები უნდა იყვნენ,Georgian citizens should be Orthodox Christians
151,14-V9,q2_6,"იყო ქართველი, ნიშნავს იყო ევროპელი",To be Georgian means to be European
152,14-V10,q2_9,"არჩევნებში ხმას მივცემდი იმას, ვინც სხვა ენაზე საუბრობს",I would vote for someone who speaks a different
153,14-V11,q2_10,"საქართველოში დამოუკიდებლობის მიღების შემდეგ მომხდარი ომები გვაჩვენებს, რომ ქვეყანა და მოსახლეობა ეთნიკური უმცირესობების მიმართ უფრო ტოლერანტული უნდა იყოს",The wars that Georgia has been involved in since independence show that the country and population needs to be more tolerant of ethnic minorities
154,15-V1,q2_6,"იყო ქართველი, ნიშნავს იყო ევროპელი",To be Georgian means to be European
155,15-V2,q2_5,"თუ ეთნიკური უმცირესობის წარმომადგენელს სურს საჯარო სამსახურში მუშაობა, მან ქართული უნდა იცოდეს","If an ethnic minority wants to work in the civil service, they should know Georgian"
156,15-V3,q2_2,"მე ვამაყობ, რომ საქართველოს მოქალაქე ვარ",I am proud to be a Georgian citizen
157,15-V4,q2_11,"საქართველოში დამოუკიდებლობის მიღების შემდეგ მომხდარი სეპარატისტული ომები გვაჩვენებს, რომ  ეთნიკური და ენობრივი უმცირესობების წარმომადგენლები ქვეყნის უსაფრთხოებისთვის პოტენციურ საფრთხეს წარმოადგენენ ",The separatist wars that Georgia has been involved in since independence show that the ethnic and linguistic minorities are a potential security threat for Georgia
158,15-V5,q2_4,მხოლოდ ეთნიკურად ქართველებს უნდა შეეძლოთ იყვნენ საქართველოს მოქალაქეები,Only ethnic Georgians should be allowed to be Georgian citizens
159,15-V6,q2_9,"არჩევნებში ხმას მივცემდი იმას, ვინც სხვა ენაზე საუბრობს",I would vote for someone who speaks a different
160,15-V7,q2_1,საქართველოს მოქალაქეები ქართულად უნდა საუბრობდნენ,Georgian citizens should speak Georgian
161,15-V8,q2_3,საქართველოს მოქალაქეები მართლმადიდებელი ქრისტიანები უნდა იყვნენ,Georgian citizens should be Orthodox Christians
162,15-V9,q2_7,არჩევნებში მივცემდი ხმას ჩემგან განსხვავებული რელიგიის ადამიანს,I would vote for someone who is a different religion than me
163,15-V10,q2_8,არჩევნებში ხმას მივცემდი ჩემგან განსხვავებული ეთნიკური წარმომავლობის მქონე ადამიანს,I would vote for someone who is a different ethnicity than me
164,15-V11,q2_10,"საქართველოში დამოუკიდებლობის მიღების შემდეგ მომხდარი ომები გვაჩვენებს, რომ ქვეყანა და მოსახლეობა ეთნიკური უმცირესობების მიმართ უფრო ტოლერანტული უნდა იყოს",The wars that Georgia has been involved in since independence show that the country and population needs to be more tolerant of ethnic minorities
165,16-V1,q2_11,"საქართველოში დამოუკიდებლობის მიღების შემდეგ მომხდარი სეპარატისტული ომები გვაჩვენებს, რომ  ეთნიკური და ენობრივი უმცირესობების წარმომადგენლები ქვეყნის უსაფრთხოებისთვის პოტენციურ საფრთხეს წარმოადგენენ ",The separatist wars that Georgia has been involved in since independence show that the ethnic and linguistic minorities are a potential security threat for Georgia
166,16-V2,q2_7,არჩევნებში მივცემდი ხმას ჩემგან განსხვავებული რელიგიის ადამიანს,I would vote for someone who is a different religion than me
167,16-V3,q2_4,მხოლოდ ეთნიკურად ქართველებს უნდა შეეძლოთ იყვნენ საქართველოს მოქალაქეები,Only ethnic Georgians should be allowed to be Georgian citizens
168,16-V4,q2_1,საქართველოს მოქალაქეები ქართულად უნდა საუბრობდნენ,Georgian citizens should speak Georgian
169,16-V5,q2_2,"მე ვამაყობ, რომ საქართველოს მოქალაქე ვარ",I am proud to be a Georgian citizen
170,16-V6,q2_10,"საქართველოში დამოუკიდებლობის მიღების შემდეგ მომხდარი ომები გვაჩვენებს, რომ ქვეყანა და მოსახლეობა ეთნიკური უმცირესობების მიმართ უფრო ტოლერანტული უნდა იყოს",The wars that Georgia has been involved in since independence show that the country and population needs to be more tolerant of ethnic minorities
171,16-V7,q2_6,"იყო ქართველი, ნიშნავს იყო ევროპელი",To be Georgian means to be European
172,16-V8,q2_9,"არჩევნებში ხმას მივცემდი იმას, ვინც სხვა ენაზე საუბრობს",I would vote for someone who speaks a different
173,16-V9,q2_5,"თუ ეთნიკური უმცირესობის წარმომადგენელს სურს საჯარო სამსახურში მუშაობა, მან ქართული უნდა იცოდეს","If an ethnic minority wants to work in the civil service, they should know Georgian"
174,16-V10,q2_3,საქართველოს მოქალაქეები მართლმადიდებელი ქრისტიანები უნდა იყვნენ,Georgian citizens should be Orthodox Christians
175,16-V11,q2_8,არჩევნებში ხმას მივცემდი ჩემგან განსხვავებული ეთნიკური წარმომავლობის მქონე ადამიანს,I would vote for someone who is a different ethnicity than me
176,17-V1,q2_8,არჩევნებში ხმას მივცემდი ჩემგან განსხვავებული ეთნიკური წარმომავლობის მქონე ადამიანს,I would vote for someone who is a different ethnicity than me
177,17-V2,q2_4,მხოლოდ ეთნიკურად ქართველებს უნდა შეეძლოთ იყვნენ საქართველოს მოქალაქეები,Only ethnic Georgians should be allowed to be Georgian citizens
178,17-V3,q2_1,საქართველოს მოქალაქეები ქართულად უნდა საუბრობდნენ,Georgian citizens should speak Georgian
179,17-V4,q2_7,არჩევნებში მივცემდი ხმას ჩემგან განსხვავებული რელიგიის ადამიანს,I would vote for someone who is a different religion than me
180,17-V5,q2_11,"საქართველოში დამოუკიდებლობის მიღების შემდეგ მომხდარი სეპარატისტული ომები გვაჩვენებს, რომ  ეთნიკური და ენობრივი უმცირესობების წარმომადგენლები ქვეყნის უსაფრთხოებისთვის პოტენციურ საფრთხეს წარმოადგენენ ",The separatist wars that Georgia has been involved in since independence show that the ethnic and linguistic minorities are a potential security threat for Georgia
181,17-V6,q2_10,"საქართველოში დამოუკიდებლობის მიღების შემდეგ მომხდარი ომები გვაჩვენებს, რომ ქვეყანა და მოსახლეობა ეთნიკური უმცირესობების მიმართ უფრო ტოლერანტული უნდა იყოს",The wars that Georgia has been involved in since independence show that the country and population needs to be more tolerant of ethnic minorities
182,17-V7,q2_2,"მე ვამაყობ, რომ საქართველოს მოქალაქე ვარ",I am proud to be a Georgian citizen
183,17-V8,q2_6,"იყო ქართველი, ნიშნავს იყო ევროპელი",To be Georgian means to be European
184,17-V9,q2_5,"თუ ეთნიკური უმცირესობის წარმომადგენელს სურს საჯარო სამსახურში მუშაობა, მან ქართული უნდა იცოდეს","If an ethnic minority wants to work in the civil service, they should know Georgian"
185,17-V10,q2_3,საქართველოს მოქალაქეები მართლმადიდებელი ქრისტიანები უნდა იყვნენ,Georgian citizens should be Orthodox Christians
186,17-V11,q2_9,"არჩევნებში ხმას მივცემდი იმას, ვინც სხვა ენაზე საუბრობს",I would vote for someone who speaks a different
187,18-V1,q2_7,არჩევნებში მივცემდი ხმას ჩემგან განსხვავებული რელიგიის ადამიანს,I would vote for someone who is a different religion than me
188,18-V2,q2_1,საქართველოს მოქალაქეები ქართულად უნდა საუბრობდნენ,Georgian citizens should speak Georgian
189,18-V3,q2_2,"მე ვამაყობ, რომ საქართველოს მოქალაქე ვარ",I am proud to be a Georgian citizen
190,18-V4,q2_4,მხოლოდ ეთნიკურად ქართველებს უნდა შეეძლოთ იყვნენ საქართველოს მოქალაქეები,Only ethnic Georgians should be allowed to be Georgian citizens
191,18-V5,q2_5,"თუ ეთნიკური უმცირესობის წარმომადგენელს სურს საჯარო სამსახურში მუშაობა, მან ქართული უნდა იცოდეს","If an ethnic minority wants to work in the civil service, they should know Georgian"
192,18-V6,q2_6,"იყო ქართველი, ნიშნავს იყო ევროპელი",To be Georgian means to be European
193,18-V7,q2_10,"საქართველოში დამოუკიდებლობის მიღების შემდეგ მომხდარი ომები გვაჩვენებს, რომ ქვეყანა და მოსახლეობა ეთნიკური უმცირესობების მიმართ უფრო ტოლერანტული უნდა იყოს",The wars that Georgia has been involved in since independence show that the country and population needs to be more tolerant of ethnic minorities
194,18-V8,q2_9,"არჩევნებში ხმას მივცემდი იმას, ვინც სხვა ენაზე საუბრობს",I would vote for someone who speaks a different
195,18-V9,q2_11,"საქართველოში დამოუკიდებლობის მიღების შემდეგ მომხდარი სეპარატისტული ომები გვაჩვენებს, რომ  ეთნიკური და ენობრივი უმცირესობების წარმომადგენლები ქვეყნის უსაფრთხოებისთვის პოტენციურ საფრთხეს წარმოადგენენ ",The separatist wars that Georgia has been involved in since independence show that the ethnic and linguistic minorities are a potential security threat for Georgia
196,18-V10,q2_8,არჩევნებში ხმას მივცემდი ჩემგან განსხვავებული ეთნიკური წარმომავლობის მქონე ადამიანს,I would vote for someone who is a different ethnicity than me
197,18-V11,q2_3,საქართველოს მოქალაქეები მართლმადიდებელი ქრისტიანები უნდა იყვნენ,Georgian citizens should be Orthodox Christians
198,19-V1,q2_5,"თუ ეთნიკური უმცირესობის წარმომადგენელს სურს საჯარო სამსახურში მუშაობა, მან ქართული უნდა იცოდეს","If an ethnic minority wants to work in the civil service, they should know Georgian"
199,19-V2,q2_8,არჩევნებში ხმას მივცემდი ჩემგან განსხვავებული ეთნიკური წარმომავლობის მქონე ადამიანს,I would vote for someone who is a different ethnicity than me
200,19-V3,q2_2,"მე ვამაყობ, რომ საქართველოს მოქალაქე ვარ",I am proud to be a Georgian citizen
201,19-V4,q2_11,"საქართველოში დამოუკიდებლობის მიღების შემდეგ მომხდარი სეპარატისტული ომები გვაჩვენებს, რომ  ეთნიკური და ენობრივი უმცირესობების წარმომადგენლები ქვეყნის უსაფრთხოებისთვის პოტენციურ საფრთხეს წარმოადგენენ ",The separatist wars that Georgia has been involved in since independence show that the ethnic and linguistic minorities are a potential security threat for Georgia
202,19-V5,q2_4,მხოლოდ ეთნიკურად ქართველებს უნდა შეეძლოთ იყვნენ საქართველოს მოქალაქეები,Only ethnic Georgians should be allowed to be Georgian citizens
203,19-V6,q2_3,საქართველოს მოქალაქეები მართლმადიდებელი ქრისტიანები უნდა იყვნენ,Georgian citizens should be Orthodox Christians
204,19-V7,q2_7,არჩევნებში მივცემდი ხმას ჩემგან განსხვავებული რელიგიის ადამიანს,I would vote for someone who is a different religion than me
205,19-V8,q2_10,"საქართველოში დამოუკიდებლობის მიღების შემდეგ მომხდარი ომები გვაჩვენებს, რომ ქვეყანა და მოსახლეობა ეთნიკური უმცირესობების მიმართ უფრო ტოლერანტული უნდა იყოს",The wars that Georgia has been involved in since independence show that the country and population needs to be more tolerant of ethnic minorities
206,19-V9,q2_1,საქართველოს მოქალაქეები ქართულად უნდა საუბრობდნენ,Georgian citizens should speak Georgian
207,19-V10,q2_6,"იყო ქართველი, ნიშნავს იყო ევროპელი",To be Georgian means to be European
208,19-V11,q2_9,"არჩევნებში ხმას მივცემდი იმას, ვინც სხვა ენაზე საუბრობს",I would vote for someone who speaks a different
209,20-V1,q2_2,"მე ვამაყობ, რომ საქართველოს მოქალაქე ვარ",I am proud to be a Georgian citizen
210,20-V2,q2_7,არჩევნებში მივცემდი ხმას ჩემგან განსხვავებული რელიგიის ადამიანს,I would vote for someone who is a different religion than me
211,20-V3,q2_10,"საქართველოში დამოუკიდებლობის მიღების შემდეგ მომხდარი ომები გვაჩვენებს, რომ ქვეყანა და მოსახლეობა ეთნიკური უმცირესობების მიმართ უფრო ტოლერანტული უნდა იყოს",The wars that Georgia has been involved in since independence show that the country and population needs to be more tolerant of ethnic minorities
212,20-V4,q2_11,"საქართველოში დამოუკიდებლობის მიღების შემდეგ მომხდარი სეპარატისტული ომები გვაჩვენებს, რომ  ეთნიკური და ენობრივი უმცირესობების წარმომადგენლები ქვეყნის უსაფრთხოებისთვის პოტენციურ საფრთხეს წარმოადგენენ ",The separatist wars that Georgia has been involved in since independence show that the ethnic and linguistic minorities are a potential security threat for Georgia
213,20-V5,q2_4,მხოლოდ ეთნიკურად ქართველებს უნდა შეეძლოთ იყვნენ საქართველოს მოქალაქეები,Only ethnic Georgians should be allowed to be Georgian citizens
214,20-V6,q2_6,"იყო ქართველი, ნიშნავს იყო ევროპელი",To be Georgian means to be European
215,20-V7,q2_3,საქართველოს მოქალაქეები მართლმადიდებელი ქრისტიანები უნდა იყვნენ,Georgian citizens should be Orthodox Christians
216,20-V8,q2_8,არჩევნებში ხმას მივცემდი ჩემგან განსხვავებული ეთნიკური წარმომავლობის მქონე ადამიანს,I would vote for someone who is a different ethnicity than me
217,20-V9,q2_1,საქართველოს მოქალაქეები ქართულად უნდა საუბრობდნენ,Georgian citizens should speak Georgian
218,20-V10,q2_9,"არჩევნებში ხმას მივცემდი იმას, ვინც სხვა ენაზე საუბრობს",I would vote for someone who speaks a different
219,20-V11,q2_5,"თუ ეთნიკური უმცირესობის წარმომადგენელს სურს საჯარო სამსახურში მუშაობა, მან ქართული უნდა იცოდეს","If an ethnic minority wants to work in the civil service, they should know Georgian"
220,21-V1,q2_4,მხოლოდ ეთნიკურად ქართველებს უნდა შეეძლოთ იყვნენ საქართველოს მოქალაქეები,Only ethnic Georgians should be allowed to be Georgian citizens
221,21-V2,q2_7,არჩევნებში მივცემდი ხმას ჩემგან განსხვავებული რელიგიის ადამიანს,I would vote for someone who is a different religion than me
222,21-V3,q2_8,არჩევნებში ხმას მივცემდი ჩემგან განსხვავებული ეთნიკური წარმომავლობის მქონე ადამიანს,I would vote for someone who is a different ethnicity than me
223,21-V4,q2_3,საქართველოს მოქალაქეები მართლმადიდებელი ქრისტიანები უნდა იყვნენ,Georgian citizens should be Orthodox Christians
224,21-V5,q2_6,"იყო ქართველი, ნიშნავს იყო ევროპელი",To be Georgian means to be European
225,21-V6,q2_5,"თუ ეთნიკური უმცირესობის წარმომადგენელს სურს საჯარო სამსახურში მუშაობა, მან ქართული უნდა იცოდეს","If an ethnic minority wants to work in the civil service, they should know Georgian"
226,21-V7,q2_10,"საქართველოში დამოუკიდებლობის მიღების შემდეგ მომხდარი ომები გვაჩვენებს, რომ ქვეყანა და მოსახლეობა ეთნიკური უმცირესობების მიმართ უფრო ტოლერანტული უნდა იყოს",The wars that Georgia has been involved in since independence show that the country and population needs to be more tolerant of ethnic minorities
227,21-V8,q2_9,"არჩევნებში ხმას მივცემდი იმას, ვინც სხვა ენაზე საუბრობს",I would vote for someone who speaks a different
228,21-V9,q2_2,"მე ვამაყობ, რომ საქართველოს მოქალაქე ვარ",I am proud to be a Georgian citizen
229,21-V10,q2_1,საქართველოს მოქალაქეები ქართულად უნდა საუბრობდნენ,Georgian citizens should speak Georgian
230,21-V11,q2_11,"საქართველოში დამოუკიდებლობის მიღების შემდეგ მომხდარი სეპარატისტული ომები გვაჩვენებს, რომ  ეთნიკური და ენობრივი უმცირესობების წარმომადგენლები ქვეყნის უსაფრთხოებისთვის პოტენციურ საფრთხეს წარმოადგენენ ",The separatist wars that Georgia has been involved in since independence show that the ethnic and linguistic minorities are a potential security threat for Georgia
231,22-V1,q2_9,"არჩევნებში ხმას მივცემდი იმას, ვინც სხვა ენაზე საუბრობს",I would vote for someone who speaks a different
232,22-V2,q2_1,საქართველოს მოქალაქეები ქართულად უნდა საუბრობდნენ,Georgian citizens should speak Georgian
233,22-V3,q2_11,"საქართველოში დამოუკიდებლობის მიღების შემდეგ მომხდარი სეპარატისტული ომები გვაჩვენებს, რომ  ეთნიკური და ენობრივი უმცირესობების წარმომადგენლები ქვეყნის უსაფრთხოებისთვის პოტენციურ საფრთხეს წარმოადგენენ ",The separatist wars that Georgia has been involved in since independence show that the ethnic and linguistic minorities are a potential security threat for Georgia
234,22-V4,q2_10,"საქართველოში დამოუკიდებლობის მიღების შემდეგ მომხდარი ომები გვაჩვენებს, რომ ქვეყანა და მოსახლეობა ეთნიკური უმცირესობების მიმართ უფრო ტოლერანტული უნდა იყოს",The wars that Georgia has been involved in since independence show that the country and population needs to be more tolerant of ethnic minorities
235,22-V5,q2_4,მხოლოდ ეთნიკურად ქართველებს უნდა შეეძლოთ იყვნენ საქართველოს მოქალაქეები,Only ethnic Georgians should be allowed to be Georgian citizens
236,22-V6,q2_5,"თუ ეთნიკური უმცირესობის წარმომადგენელს სურს საჯარო სამსახურში მუშაობა, მან ქართული უნდა იცოდეს","If an ethnic minority wants to work in the civil service, they should know Georgian"
237,22-V7,q2_6,"იყო ქართველი, ნიშნავს იყო ევროპელი",To be Georgian means to be European
238,22-V8,q2_3,საქართველოს მოქალაქეები მართლმადიდებელი ქრისტიანები უნდა იყვნენ,Georgian citizens should be Orthodox Christians
239,22-V9,q2_2,"მე ვამაყობ, რომ საქართველოს მოქალაქე ვარ",I am proud to be a Georgian citizen
240,22-V10,q2_8,არჩევნებში ხმას მივცემდი ჩემგან განსხვავებული ეთნიკური წარმომავლობის მქონე ადამიანს,I would vote for someone who is a different ethnicity than me
241,22-V11,q2_7,არჩევნებში მივცემდი ხმას ჩემგან განსხვავებული რელიგიის ადამიანს,I would vote for someone who is a different religion than me
242,23-V1,q2_3,საქართველოს მოქალაქეები მართლმადიდებელი ქრისტიანები უნდა იყვნენ,Georgian citizens should be Orthodox Christians
243,23-V2,q2_4,მხოლოდ ეთნიკურად ქართველებს უნდა შეეძლოთ იყვნენ საქართველოს მოქალაქეები,Only ethnic Georgians should be allowed to be Georgian citizens
244,23-V3,q2_10,"საქართველოში დამოუკიდებლობის მიღების შემდეგ მომხდარი ომები გვაჩვენებს, რომ ქვეყანა და მოსახლეობა ეთნიკური უმცირესობების მიმართ უფრო ტოლერანტული უნდა იყოს",The wars that Georgia has been involved in since independence show that the country and population needs to be more tolerant of ethnic minorities
245,23-V4,q2_9,"არჩევნებში ხმას მივცემდი იმას, ვინც სხვა ენაზე საუბრობს",I would vote for someone who speaks a different
246,23-V5,q2_1,საქართველოს მოქალაქეები ქართულად უნდა საუბრობდნენ,Georgian citizens should speak Georgian
247,23-V6,q2_6,"იყო ქართველი, ნიშნავს იყო ევროპელი",To be Georgian means to be European
248,23-V7,q2_11,"საქართველოში დამოუკიდებლობის მიღების შემდეგ მომხდარი სეპარატისტული ომები გვაჩვენებს, რომ  ეთნიკური და ენობრივი უმცირესობების წარმომადგენლები ქვეყნის უსაფრთხოებისთვის პოტენციურ საფრთხეს წარმოადგენენ ",The separatist wars that Georgia has been involved in since independence show that the ethnic and linguistic minorities are a potential security threat for Georgia
249,23-V8,q2_8,არჩევნებში ხმას მივცემდი ჩემგან განსხვავებული ეთნიკური წარმომავლობის მქონე ადამიანს,I would vote for someone who is a different ethnicity than me
250,23-V9,q2_7,არჩევნებში მივცემდი ხმას ჩემგან განსხვავებული რელიგიის ადამიანს,I would vote for someone who is a different religion than me
251,23-V10,q2_5,"თუ ეთნიკური უმცირესობის წარმომადგენელს სურს საჯარო სამსახურში მუშაობა, მან ქართული უნდა იცოდეს","If an ethnic minority wants to work in the civil service, they should know Georgian"
252,23-V11,q2_2,"მე ვამაყობ, რომ საქართველოს მოქალაქე ვარ",I am proud to be a Georgian citizen
253,24-V1,q2_6,"იყო ქართველი, ნიშნავს იყო ევროპელი",To be Georgian means to be European
254,24-V2,q2_10,"საქართველოში დამოუკიდებლობის მიღების შემდეგ მომხდარი ომები გვაჩვენებს, რომ ქვეყანა და მოსახლეობა ეთნიკური უმცირესობების მიმართ უფრო ტოლერანტული უნდა იყოს",The wars that Georgia has been involved in since independence show that the country and population needs to be more tolerant of ethnic minorities
255,24-V3,q2_1,საქართველოს მოქალაქეები ქართულად უნდა საუბრობდნენ,Georgian citizens should speak Georgian
256,24-V4,q2_4,მხოლოდ ეთნიკურად ქართველებს უნდა შეეძლოთ იყვნენ საქართველოს მოქალაქეები,Only ethnic Georgians should be allowed to be Georgian citizens
257,24-V5,q2_7,არჩევნებში მივცემდი ხმას ჩემგან განსხვავებული რელიგიის ადამიანს,I would vote for someone who is a different religion than me
258,24-V6,q2_2,"მე ვამაყობ, რომ საქართველოს მოქალაქე ვარ",I am proud to be a Georgian citizen
259,24-V7,q2_8,არჩევნებში ხმას მივცემდი ჩემგან განსხვავებული ეთნიკური წარმომავლობის მქონე ადამიანს,I would vote for someone who is a different ethnicity than me
260,24-V8,q2_3,საქართველოს მოქალაქეები მართლმადიდებელი ქრისტიანები უნდა იყვნენ,Georgian citizens should be Orthodox Christians
261,24-V9,q2_11,"საქართველოში დამოუკიდებლობის მიღების შემდეგ მომხდარი სეპარატისტული ომები გვაჩვენებს, რომ  ეთნიკური და ენობრივი უმცირესობების წარმომადგენლები ქვეყნის უსაფრთხოებისთვის პოტენციურ საფრთხეს წარმოადგენენ ",The separatist wars that Georgia has been involved in since independence show that the ethnic and linguistic minorities are a potential security threat for Georgia
262,24-V10,q2_9,"არჩევნებში ხმას მივცემდი იმას, ვინც სხვა ენაზე საუბრობს",I would vote for someone who speaks a different
263,24-V11,q2_5,"თუ ეთნიკური უმცირესობის წარმომადგენელს სურს საჯარო სამსახურში მუშაობა, მან ქართული უნდა იცოდეს","If an ethnic minority wants to work in the civil service, they should know Georgian"
264,25-V1,q2_2,"მე ვამაყობ, რომ საქართველოს მოქალაქე ვარ",I am proud to be a Georgian citizen
265,25-V2,q2_10,"საქართველოში დამოუკიდებლობის მიღების შემდეგ მომხდარი ომები გვაჩვენებს, რომ ქვეყანა და მოსახლეობა ეთნიკური უმცირესობების მიმართ უფრო ტოლერანტული უნდა იყოს",The wars that Georgia has been involved in since independence show that the country and population needs to be more tolerant of ethnic minorities
266,25-V3,q2_8,არჩევნებში ხმას მივცემდი ჩემგან განსხვავებული ეთნიკური წარმომავლობის მქონე ადამიანს,I would vote for someone who is a different ethnicity than me
267,25-V4,q2_3,საქართველოს მოქალაქეები მართლმადიდებელი ქრისტიანები უნდა იყვნენ,Georgian citizens should be Orthodox Christians
268,25-V5,q2_9,"არჩევნებში ხმას მივცემდი იმას, ვინც სხვა ენაზე საუბრობს",I would vote for someone who speaks a different
269,25-V6,q2_1,საქართველოს მოქალაქეები ქართულად უნდა საუბრობდნენ,Georgian citizens should speak Georgian
270,25-V7,q2_11,"საქართველოში დამოუკიდებლობის მიღების შემდეგ მომხდარი სეპარატისტული ომები გვაჩვენებს, რომ  ეთნიკური და ენობრივი უმცირესობების წარმომადგენლები ქვეყნის უსაფრთხოებისთვის პოტენციურ საფრთხეს წარმოადგენენ ",The separatist wars that Georgia has been involved in since independence show that the ethnic and linguistic minorities are a potential security threat for Georgia
271,25-V8,q2_4,მხოლოდ ეთნიკურად ქართველებს უნდა შეეძლოთ იყვნენ საქართველოს მოქალაქეები,Only ethnic Georgians should be allowed to be Georgian citizens
272,25-V9,q2_6,"იყო ქართველი, ნიშნავს იყო ევროპელი",To be Georgian means to be European
273,25-V10,q2_7,არჩევნებში მივცემდი ხმას ჩემგან განსხვავებული რელიგიის ადამიანს,I would vote for someone who is a different religion than me
274,25-V11,q2_5,"თუ ეთნიკური უმცირესობის წარმომადგენელს სურს საჯარო სამსახურში მუშაობა, მან ქართული უნდა იცოდეს","If an ethnic minority wants to work in the civil service, they should know Georgian"
275,26-V1,q2_6,"იყო ქართველი, ნიშნავს იყო ევროპელი",To be Georgian means to be European
276,26-V2,q2_5,"თუ ეთნიკური უმცირესობის წარმომადგენელს სურს საჯარო სამსახურში მუშაობა, მან ქართული უნდა იცოდეს","If an ethnic minority wants to work in the civil service, they should know Georgian"
277,26-V3,q2_8,არჩევნებში ხმას მივცემდი ჩემგან განსხვავებული ეთნიკური წარმომავლობის მქონე ადამიანს,I would vote for someone who is a different ethnicity than me
278,26-V4,q2_1,საქართველოს მოქალაქეები ქართულად უნდა საუბრობდნენ,Georgian citizens should speak Georgian
279,26-V5,q2_3,საქართველოს მოქალაქეები მართლმადიდებელი ქრისტიანები უნდა იყვნენ,Georgian citizens should be Orthodox Christians
280,26-V6,q2_7,არჩევნებში მივცემდი ხმას ჩემგან განსხვავებული რელიგიის ადამიანს,I would vote for someone who is a different religion than me
281,26-V7,q2_11,"საქართველოში დამოუკიდებლობის მიღების შემდეგ მომხდარი სეპარატისტული ომები გვაჩვენებს, რომ  ეთნიკური და ენობრივი უმცირესობების წარმომადგენლები ქვეყნის უსაფრთხოებისთვის პოტენციურ საფრთხეს წარმოადგენენ ",The separatist wars that Georgia has been involved in since independence show that the ethnic and linguistic minorities are a potential security threat for Georgia
282,26-V8,q2_4,მხოლოდ ეთნიკურად ქართველებს უნდა შეეძლოთ იყვნენ საქართველოს მოქალაქეები,Only ethnic Georgians should be allowed to be Georgian citizens
283,26-V9,q2_2,"მე ვამაყობ, რომ საქართველოს მოქალაქე ვარ",I am proud to be a Georgian citizen
284,26-V10,q2_10,"საქართველოში დამოუკიდებლობის მიღების შემდეგ მომხდარი ომები გვაჩვენებს, რომ ქვეყანა და მოსახლეობა ეთნიკური უმცირესობების მიმართ უფრო ტოლერანტული უნდა იყოს",The wars that Georgia has been involved in since independence show that the country and population needs to be more tolerant of ethnic minorities
285,26-V11,q2_9,"არჩევნებში ხმას მივცემდი იმას, ვინც სხვა ენაზე საუბრობს",I would vote for someone who speaks a different
286,27-V1,q2_7,არჩევნებში მივცემდი ხმას ჩემგან განსხვავებული რელიგიის ადამიანს,I would vote for someone who is a different religion than me
287,27-V2,q2_8,არჩევნებში ხმას მივცემდი ჩემგან განსხვავებული ეთნიკური წარმომავლობის მქონე ადამიანს,I would vote for someone who is a different ethnicity than me
288,27-V3,q2_4,მხოლოდ ეთნიკურად ქართველებს უნდა შეეძლოთ იყვნენ საქართველოს მოქალაქეები,Only ethnic Georgians should be allowed to be Georgian citizens
289,27-V4,q2_1,საქართველოს მოქალაქეები ქართულად უნდა საუბრობდნენ,Georgian citizens should speak Georgian
290,27-V5,q2_11,"საქართველოში დამოუკიდებლობის მიღების შემდეგ მომხდარი სეპარატისტული ომები გვაჩვენებს, რომ  ეთნიკური და ენობრივი უმცირესობების წარმომადგენლები ქვეყნის უსაფრთხოებისთვის პოტენციურ საფრთხეს წარმოადგენენ ",The separatist wars that Georgia has been involved in since independence show that the ethnic and linguistic minorities are a potential security threat for Georgia
291,27-V6,q2_3,საქართველოს მოქალაქეები მართლმადიდებელი ქრისტიანები უნდა იყვნენ,Georgian citizens should be Orthodox Christians
292,27-V7,q2_6,"იყო ქართველი, ნიშნავს იყო ევროპელი",To be Georgian means to be European
293,27-V8,q2_2,"მე ვამაყობ, რომ საქართველოს მოქალაქე ვარ",I am proud to be a Georgian citizen
294,27-V9,q2_10,"საქართველოში დამოუკიდებლობის მიღების შემდეგ მომხდარი ომები გვაჩვენებს, რომ ქვეყანა და მოსახლეობა ეთნიკური უმცირესობების მიმართ უფრო ტოლერანტული უნდა იყოს",The wars that Georgia has been involved in since independence show that the country and population needs to be more tolerant of ethnic minorities
295,27-V10,q2_5,"თუ ეთნიკური უმცირესობის წარმომადგენელს სურს საჯარო სამსახურში მუშაობა, მან ქართული უნდა იცოდეს","If an ethnic minority wants to work in the civil service, they should know Georgian"
296,27-V11,q2_9,"არჩევნებში ხმას მივცემდი იმას, ვინც სხვა ენაზე საუბრობს",I would vote for someone who speaks a different
297,28-V1,q2_7,არჩევნებში მივცემდი ხმას ჩემგან განსხვავებული რელიგიის ადამიანს,I would vote for someone who is a different religion than me
298,28-V2,q2_11,"საქართველოში დამოუკიდებლობის მიღების შემდეგ მომხდარი სეპარატისტული ომები გვაჩვენებს, რომ  ეთნიკური და ენობრივი უმცირესობების წარმომადგენლები ქვეყნის უსაფრთხოებისთვის პოტენციურ საფრთხეს წარმოადგენენ ",The separatist wars that Georgia has been involved in since independence show that the ethnic and linguistic minorities are a potential security threat for Georgia
299,28-V3,q2_2,"მე ვამაყობ, რომ საქართველოს მოქალაქე ვარ",I am proud to be a Georgian citizen
300,28-V4,q2_1,საქართველოს მოქალაქეები ქართულად უნდა საუბრობდნენ,Georgian citizens should speak Georgian
301,28-V5,q2_5,"თუ ეთნიკური უმცირესობის წარმომადგენელს სურს საჯარო სამსახურში მუშაობა, მან ქართული უნდა იცოდეს","If an ethnic minority wants to work in the civil service, they should know Georgian"
302,28-V6,q2_4,მხოლოდ ეთნიკურად ქართველებს უნდა შეეძლოთ იყვნენ საქართველოს მოქალაქეები,Only ethnic Georgians should be allowed to be Georgian citizens
303,28-V7,q2_6,"იყო ქართველი, ნიშნავს იყო ევროპელი",To be Georgian means to be European
304,28-V8,q2_8,არჩევნებში ხმას მივცემდი ჩემგან განსხვავებული ეთნიკური წარმომავლობის მქონე ადამიანს,I would vote for someone who is a different ethnicity than me
305,28-V9,q2_9,"არჩევნებში ხმას მივცემდი იმას, ვინც სხვა ენაზე საუბრობს",I would vote for someone who speaks a different
306,28-V10,q2_3,საქართველოს მოქალაქეები მართლმადიდებელი ქრისტიანები უნდა იყვნენ,Georgian citizens should be Orthodox Christians
307,28-V11,q2_10,"საქართველოში დამოუკიდებლობის მიღების შემდეგ მომხდარი ომები გვაჩვენებს, რომ ქვეყანა და მოსახლეობა ეთნიკური უმცირესობების მიმართ უფრო ტოლერანტული უნდა იყოს",The wars that Georgia has been involved in since independence show that the country and population needs to be more tolerant of ethnic minorities
308,29-V1,q2_7,არჩევნებში მივცემდი ხმას ჩემგან განსხვავებული რელიგიის ადამიანს,I would vote for someone who is a different religion than me
309,29-V2,q2_9,"არჩევნებში ხმას მივცემდი იმას, ვინც სხვა ენაზე საუბრობს",I would vote for someone who speaks a different
310,29-V3,q2_2,"მე ვამაყობ, რომ საქართველოს მოქალაქე ვარ",I am proud to be a Georgian citizen
311,29-V4,q2_3,საქართველოს მოქალაქეები მართლმადიდებელი ქრისტიანები უნდა იყვნენ,Georgian citizens should be Orthodox Christians
312,29-V5,q2_6,"იყო ქართველი, ნიშნავს იყო ევროპელი",To be Georgian means to be European
313,29-V6,q2_8,არჩევნებში ხმას მივცემდი ჩემგან განსხვავებული ეთნიკური წარმომავლობის მქონე ადამიანს,I would vote for someone who is a different ethnicity than me
314,29-V7,q2_10,"საქართველოში დამოუკიდებლობის მიღების შემდეგ მომხდარი ომები გვაჩვენებს, რომ ქვეყანა და მოსახლეობა ეთნიკური უმცირესობების მიმართ უფრო ტოლერანტული უნდა იყოს",The wars that Georgia has been involved in since independence show that the country and population needs to be more tolerant of ethnic minorities
315,29-V8,q2_4,მხოლოდ ეთნიკურად ქართველებს უნდა შეეძლოთ იყვნენ საქართველოს მოქალაქეები,Only ethnic Georgians should be allowed to be Georgian citizens
316,29-V9,q2_5,"თუ ეთნიკური უმცირესობის წარმომადგენელს სურს საჯარო სამსახურში მუშაობა, მან ქართული უნდა იცოდეს","If an ethnic minority wants to work in the civil service, they should know Georgian"
317,29-V10,q2_11,"საქართველოში დამოუკიდებლობის მიღების შემდეგ მომხდარი სეპარატისტული ომები გვაჩვენებს, რომ  ეთნიკური და ენობრივი უმცირესობების წარმომადგენლები ქვეყნის უსაფრთხოებისთვის პოტენციურ საფრთხეს წარმოადგენენ ",The separatist wars that Georgia has been involved in since independence show that the ethnic and linguistic minorities are a potential security threat for Georgia
318,29-V11,q2_1,საქართველოს მოქალაქეები ქართულად უნდა საუბრობდნენ,Georgian citizens should speak Georgian
319,30-V1,q2_8,არჩევნებში ხმას მივცემდი ჩემგან განსხვავებული ეთნიკური წარმომავლობის მქონე ადამიანს,I would vote for someone who is a different ethnicity than me
320,30-V2,q2_6,"იყო ქართველი, ნიშნავს იყო ევროპელი",To be Georgian means to be European
321,30-V3,q2_10,"საქართველოში დამოუკიდებლობის მიღების შემდეგ მომხდარი ომები გვაჩვენებს, რომ ქვეყანა და მოსახლეობა ეთნიკური უმცირესობების მიმართ უფრო ტოლერანტული უნდა იყოს",The wars that Georgia has been involved in since independence show that the country and population needs to be more tolerant of ethnic minorities
322,30-V4,q2_7,არჩევნებში მივცემდი ხმას ჩემგან განსხვავებული რელიგიის ადამიანს,I would vote for someone who is a different religion than me
323,30-V5,q2_11,"საქართველოში დამოუკიდებლობის მიღების შემდეგ მომხდარი სეპარატისტული ომები გვაჩვენებს, რომ  ეთნიკური და ენობრივი უმცირესობების წარმომადგენლები ქვეყნის უსაფრთხოებისთვის პოტენციურ საფრთხეს წარმოადგენენ ",The separatist wars that Georgia has been involved in since independence show that the ethnic and linguistic minorities are a potential security threat for Georgia
324,30-V6,q2_3,საქართველოს მოქალაქეები მართლმადიდებელი ქრისტიანები უნდა იყვნენ,Georgian citizens should be Orthodox Christians
325,30-V7,q2_9,"არჩევნებში ხმას მივცემდი იმას, ვინც სხვა ენაზე საუბრობს",I would vote for someone who speaks a different
326,30-V8,q2_2,"მე ვამაყობ, რომ საქართველოს მოქალაქე ვარ",I am proud to be a Georgian citizen
327,30-V9,q2_5,"თუ ეთნიკური უმცირესობის წარმომადგენელს სურს საჯარო სამსახურში მუშაობა, მან ქართული უნდა იცოდეს","If an ethnic minority wants to work in the civil service, they should know Georgian"
328,30-V10,q2_4,მხოლოდ ეთნიკურად ქართველებს უნდა შეეძლოთ იყვნენ საქართველოს მოქალაქეები,Only ethnic Georgians should be allowed to be Georgian citizens
329,30-V11,q2_1,საქართველოს მოქალაქეები ქართულად უნდა საუბრობდნენ,Georgian citizens should speak Georgian
